Country,Region,Happiness.Rank,Happiness.Score,Economy.GDP.per.Capita.,Family,Health.Life.Expectancy,Freedom,Generosity,Trust.Government.Corruption,Region,Surface area (km2),Population in thousands (2017),Population density (per km2 2017),Sex ratio (m per 100 f 2017),Population age distribution <14 (in %),Population age distribution >60 (in %),Population growth rate (average annual %),International migrant stock (% of total pop),GDP: Gross domestic product (million current US$),GDP growth rate (annual % const. 2005 prices),GDP per capita (current US$),Economy: Agriculture (% of GVA),Economy: Industry (% of GVA),Economy: Services and other activity (% of GVA),International trade: Exports (million US$),International trade: Imports (million US$),International trade: Balance (million US$),Employment: Agriculture (% of employed),Employment: Industry (% of employed),Employment: Services (% of employed),Unemployment (% of labour force),Fertility rate total (live births per woman),Life expectancy at birth - females,Life expectancy at birth - males,Infant mortality rate (per 1000 live births),Urban population (% of total population),Urban population growth rate (average annual %),Mobile-cellular subscriptions (per 100 inhabitants),Individuals using the Internet (per 100 inhabitants),Threatened species (number),CO2 emission estimates (tons per capita),Energy supply per capita (Gigajoules),Health: Total expenditure (% of GDP),Health: Physicians (per 1000 pop.),Education: Government expenditure (% of GDP),Education Primary gross enrol ratio (females per 100 pop),Education Primary gross enrol ratio (males per 100 pop),Education Secondary gross enrol ratio (females per 100 pop),Education Secondary gross enrol ratio (males per 100 pop),Education Tertiary gross enrol ratio (females per 100 pop),Education Tertiary gross enrol ratio (males per 100 pop),Seats held by women in national parliaments,Forested area (% of land area),Refugees and others of concern to UNHCR (in thousands)
Afghanistan,Southern Asia,141,3.79399991,0.401477218,0.581543326,0.180746779,0.10617952,0.311870933,0.06115783,SouthernAsia,652864,35530,54.4,106.3,43.2,4.1,3.2,1.2,20270,-2.4,623.2,23.3,23.3,53.3,1458,3568,-2110,61.6,10,28.5,8.6,5.3,63.5,61,68.6,26.7,4,61.6,8.3,42,0.3,5,8.2,0.3,3.3,91.1,131.6,39.7,70.7,3.7,13.3,27.7,2.1,1513.1
Albania,Central and Eastern Europe,109,4.644000053,0.996192753,0.803685248,0.731159747,0.381498635,0.201312944,0.039864216,SouthernEurope,28748,2930,106.9,101.9,17.4,19,-0.1,2,11541,2.6,3984.2,22.4,26,51.7,1962,4669,-2707,41.4,18.3,40.3,15.8,1.7,79.9,75.6,14.6,57.4,2.2,106.4,63.3,130,2,36,5.9,1.3,3.5,111.7,115.5,92.5,98.8,68.1,48.7,22.9,28.2,8.8
Algeria,Middle East and Northern Africa,53,5.872000217,1.091864467,1.146217465,0.617584646,0.233335808,0.069436647,0.14609611,NorthernAfrica,2381741,41318,17.3,102,29.3,9.4,2,0.6,164779,3.8,4154.1,12.2,37.3,50.5,29992,47091,-17099,10.8,34.5,54.7,11.4,3,76.5,74.1,27.7,70.7,2.8,113,38.2,135,3.7,55,7.2,-,-,112.7,119.5,101.7,98.1,45.1,28.9,31.6,0.8,99.8
Angola,Sub-Saharan Africa,140,3.795000076,0.85842818,1.10441196,0.049868666,0,0.09792649,0.069720335,MiddleAfrica,1246700,29784,23.9,96.2,46.8,4,3.5,0.4,117955,3,4714.1,6.8,51.2,42,21011,8790,12221,4.2,37.6,58.2,6.6,6,63,57.4,65.4,44.1,5,60.8,12.4,146,1.4,25,3.3,-,-,100.4,156.9,22.7,35.1,8.2,10.4,38.2,46.5,45.7
Argentina,Latin America and Caribbean,24,6.598999977,1.185295463,1.440451145,0.695137084,0.494519204,0.109457061,0.059739888,SouthAmerica,2780400,44271,16.2,95.9,24.9,15.4,1,4.8,632343,2.4,14564.5,6,27.8,66.2,57733,55610,2124,2,24.8,73.1,6.5,2.3,79.8,72.2,13.7,91.8,1,143.9,69.4,256,4.7,85,4.8,3.8,5.3,109.8,110.2,110.3,103.4,102.9,63.5,38.9,10,5
Armenia,Central and Eastern Europe,121,4.375999928,0.900596738,1.007483721,0.637524426,0.198303267,0.083488092,0.026674422,WesternAsia,29743,2930,102.9,88.8,20,16.9,0.3,6.3,10529,3,3489.1,19,28.3,52.8,1776,3230,-1455,35,15.7,49.3,16.6,1.6,77,70.6,13.2,62.7,-0.1,115.2,58.2,114,1.8,46,4.5,2.8,2.8,98.5,98.5,89,88.1,46.9,41.6,9.9,11.7,19.3
Australia,Australia and New Zealand,10,7.28399992,1.484414935,1.510041952,0.843886793,0.601607382,0.47769925,0.30118373,Oceania,7692060,24451,3.2,99.3,19,21,1.5,28.2,1230859,2.4,51352.2,2.5,26.5,71.1,189630,189406,224,2.7,21.2,76.1,5.5,1.9,84.4,80.2,3.9,89.4,1.5,132.8,84.6,948,15.3,222,9.4,3.4,5.2,102.1,102.3,133.6,141.3,106.3,75.4,28.7,16.2,58.2
Austria,Western Europe,13,7.006000042,1.487097263,1.459944963,0.815328419,0.56776619,0.316472322,0.221060365,WesternEurope,83871,8736,106,96.2,14.1,25.1,0.6,17.5,376967,1,44117.7,1.3,28.3,70.4,145503,149299,-3795,4.7,25.6,69.7,6.2,1.4,83.5,78.4,3.3,66,0.4,157.4,83.9,118,6.9,158,11.2,5.2,5.5,102.2,103.7,97.6,102.4,89.2,74.3,30.6,46.9,166.4
Azerbaijan,Central and Eastern Europe,85,5.234000206,1.153601766,1.152400255,0.540775776,0.398155838,0.04526934,0.180987507,WesternAsia,86600,9828,118.9,99.3,23.3,10.1,1.3,2.7,53049,0.7,5438.7,6.7,49.9,43.4,9143,8532,611,36.7,14.2,49.1,5.2,2.1,74.6,68.6,31.4,54.6,1.6,111.3,77,97,3.9,61,6,3.4,2.6,105.6,107.4,-,-,27.5,23.6,16.8,13.5,623.3
Bahrain,Middle East and Northern Africa,41,6.086999893,1.488412261,1.323110461,0.653133035,0.536746919,0.172668487,0.25704217,WesternAsia,771,1493,1963.9,168.3,19.7,4.6,2,51.1,31126,2.9,22600.2,0.3,40.7,59,12892,14749,-1856,1,33.4,65.6,1.3,2.1,77.5,75.6,6.9,88.8,1.7,185.3,93.5,36,23,413,5,0.9,2.7,101.8,100.6,101.9,102.4,59.4,30.9,7.5,0.8,0.4
Bangladesh,Southern Asia,110,4.607999802,0.586682975,0.735131741,0.533241034,0.478356659,0.172255352,0.123717859,SouthernAsia,147570,164670,1265,101.7,28.4,7.3,1.2,0.9,194466,6.6,1207.9,15.5,28.1,56.3,36031,52624,-16593,40.6,19.1,40.3,4,2.2,72.9,69.8,33.3,34.3,3.6,83.4,14.4,151,0.5,11,2.8,0.4,1.9,125.1,116,67.4,59.8,11.4,15.4,20.3,11,233
Belarus,Central and Eastern Europe,67,5.568999767,1.15655756,1.444945216,0.637714267,0.295400262,0.155137509,0.156313822,EasternEurope,207600,9468,46.7,87,16.7,21.3,~0.0,11.4,54609,-3.9,5750.8,7.5,38.9,53.6,23414,27464,-4050,9.6,32,58.4,0.5,1.6,77.7,66.5,3.6,76.7,~0.0,123.6,62.2,25,6.7,122,5.7,4.1,4.9,101.3,101.4,106.4,107.8,100.7,75.9,34.5,42.5,7.9
Belgium,Western Europe,17,6.890999794,1.463780761,1.462312698,0.818091869,0.539770722,0.231503338,0.251343131,WesternEurope,30528,11429,377.5,97.3,17.1,24.6,0.6,12.3,455107,1.5,40277.8,0.7,22.2,77.1,398033,372713,25321,1.2,21.2,77.6,8.3,1.8,83,78,3.5,97.9,0.5,115.7,85.1,37,8.3,196,10.6,3,6.6,104.2,104.2,177.7,156.4,85.4,65,38,22.6,63.8
Belize,Latin America and Caribbean,50,5.955999851,0.907975316,1.081417799,0.450191766,0.547509372,0.240015641,0.096581072,CentralAmerica,22966,375,16.4,99.2,31.4,6.2,2.2,15,1721,1.2,4789.4,14.6,18.5,66.9,246,952,-706,16.1,15.9,67.9,11.5,2.6,72.7,67.2,14.3,44,1.9,48.9,41.6,117,1.4,36,5.8,-,6.4,110.4,115.8,81.8,79.8,28.7,17.9,9.4,60.1,3.1
Benin,Sub-Saharan Africa,143,3.657000065,0.431085408,0.435299844,0.209930211,0.425962776,0.207948461,0.060929015,WesternAfrica,114763,11176,99.1,99.5,42.7,5,2.8,2.3,8476,5.2,779.1,23.2,24.9,51.9,410,2630,-2220,43.2,10.2,46.6,1,5.2,61.4,58.5,67.7,44,3.7,85.6,6.8,88,0.6,17,4.6,0.1,4.4,123.7,134.2,46.8,66.7,8.4,22.4,7.2,38.7,0.8
Bhutan,Southern Asia,97,5.011000156,0.885416389,1.340126514,0.495879292,0.501537681,0.474054545,0.17338039,SouthernAsia,38394,808,21.2,113.1,26.5,7.3,1.6,6.6,2074,5.2,2677.1,17.2,43.9,38.8,616,1688,-1072,56.6,9.7,33.7,2.4,2.2,68.9,68.6,30.5,38.6,3.7,87.1,39.8,71,1.3,82,3.6,0.3,7.4,96.9,96.6,87.1,81.4,9.2,12.6,8.5,72,-
Bolivia,Latin America and Caribbean,58,5.822999954,0.833756566,1.227619052,0.47363025,0.558732927,0.225560725,0.060477726,SouthAmerica,1098581,11052,10.2,100.2,31.6,9.5,1.6,1.3,32998,4.8,3076.8,12.6,31,56.5,6969,8374,-1405,29.5,21.1,49.4,3.8,3,70.2,65.3,42.9,68.5,2.3,92.2,45.1,231,1.9,32,6.3,0.5,7.3,95.7,98.5,85.7,87.1,-,-,53.1,50.8,0.8
Bosnia and Herzegovina,Central and Eastern Europe,90,5.18200016,0.982409418,1.069335938,0.705186307,0.204403177,0.328867495,0,SouthernEurope,51209,3507,68.8,96.4,14.1,23.4,-1,0.9,16251,3.1,4265,7.3,26.5,66.2,5327,9130,-3803,18,30.4,51.7,25.4,1.3,78.8,73.7,7.6,39.8,0.1,90.2,65.1,91,5.8,85,9.6,1.9,-,-,-,-,-,-,-,21.4,42.7,157.6
Botswana,Sub-Saharan Africa,142,3.766000032,1.122094154,1.221554995,0.341755509,0.505196333,0.099348448,0.098583199,SouthernAfrica,582000,2292,4,97.7,31.4,6.4,1.8,7.1,14391,-0.3,6360.6,2.4,33.4,64.2,7321,6103,1218,25.7,14.9,59.4,18.6,2.9,66.1,59.8,35.2,57.4,1.3,169,27.5,28,3.2,44,5.4,0.4,-,105.8,109.4,-,-,27.7,19.2,9.5,19.3,2.8
Brazil,Latin America and Caribbean,22,6.635000229,1.10735321,1.431306005,0.616552353,0.437453747,0.162349895,0.111092761,SouthAmerica,8515767,209288,25,96.6,21.7,12.6,0.9,0.3,1772591,-3.8,8528.3,5.2,22.7,72,185235,137552,47683,15.2,21.5,63.2,12.4,1.8,78.4,71,15.8,85.7,1.2,126.6,59.1,990,2.6,61,8.3,1.9,6,113.8,116.8,102.2,97.2,59.3,42.4,10.7,59.2,41.1
Bulgaria,Central and Eastern Europe,105,4.714000225,1.161459088,1.434379458,0.70821768,0.289231718,0.113177694,0.011051531,EasternEurope,111002,7085,65.3,94.6,14.2,27.7,-0.6,1.4,48953,3,6846.8,5.1,27.6,67.2,26088,28875,-2787,6.5,29.4,64.1,8.1,1.5,77.8,70.8,8.3,73.9,-0.3,129.3,56.7,104,5.9,103,8.4,4,4.1,96.7,97.7,97.4,100.5,82.9,65.4,19.2,35.1,33.7
Burkina Faso,Sub-Saharan Africa,134,4.032000065,0.350227714,1.043280005,0.215844259,0.324367851,0.250864685,0.120328106,WesternAfrica,272967,19193,70.2,99.5,45.2,3.9,3,3.9,11065,4.1,611.1,34.5,21.8,43.7,2019,3699,-1680,80,4.9,15.1,2.9,5.6,59.3,58,64.8,29.9,5.9,80.6,11.4,31,0.1,9,5,~0.0,4.1,86.1,89.9,32.2,35.1,3.8,7.3,11,19.8,32.7
Burundi,Sub-Saharan Africa,154,2.904999971,0.091622569,0.629793584,0.151610792,0.059900753,0.204435185,0.084147945,EasternAfrica,27830,10864,423.1,96.9,45,4.4,3,2.6,2735,-4.1,244.6,36.3,13.9,49.8,123,625,-502,91.1,2.6,6.3,1.7,6,58,54.2,77.8,12.1,5.7,46.2,4.9,61,~0.0,6,7.5,-,5.4,124.5,123.1,40.5,44.5,2.4,7.7,36.4,10.6,103.2
Cambodia,Southeastern Asia,129,4.168000221,0.601765096,1.006238341,0.429783404,0.633375823,0.385922968,0.068105951,South-easternAsia,181035,16005,90.7,95.3,31.3,7.1,1.6,0.5,18050,7,1158.7,28.2,29.4,42.3,13204,15313,-2109,42.4,19.6,38,0.3,2.7,69.6,65.5,29.9,20.7,2.6,133,19,255,0.4,17,5.7,0.2,1.9,116.2,117.1,-,-,11.8,14.3,20.3,54.3,0.3
Cameroon,Sub-Saharan Africa,107,4.695000172,0.564305365,0.946018219,0.132892117,0.430388749,0.236298457,0.051306631,MiddleAfrica,475650,24054,50.9,100.2,42.7,4.8,2.7,1.6,28416,5.8,1217.3,22.7,28.3,49.1,2130,4899,-2768,61.8,8.7,29.5,4.6,5,57.7,55.1,67.5,54.4,3.6,71.8,20.7,775,0.3,14,4.1,-,3,110.7,123.5,53.5,62.6,15.2,19.7,31.1,40.3,544.9
Canada,North America,7,7.315999985,1.479204416,1.481348991,0.834557652,0.611100912,0.435539722,0.287371516,NorthernAmerica,9984670,36624,4,98.5,16,23.5,1,21.8,1552808,0.9,43205.6,1.8,28.6,69.6,388911,402954,-14043,2.1,19.5,78.4,7.1,1.6,83.8,79.7,4.7,81.8,1.2,81.9,88.5,122,15.1,324,10.4,2.5,5.3,101.1,100.1,110,109.8,-,-,26.3,38.2,155.8
Central African Republic,Latin America and Caribbean,155,2.693000078,0,0,0.018772686,0.270842046,0.280876487,0.056565076,MiddleAfrica,622984,4659,7.5,97.3,43.2,5.5,0.4,1.7,1633,4.8,333.2,34.9,24.8,40.4,213,147,66,72.2,4.3,23.4,6.9,5.1,51,47.8,93.5,40,2.6,20.4,4.6,60,0.1,5,4.2,-,1.2,79.8,107.3,11.8,23,1.5,4.1,8.6,35.6,470.5
Colombia,Sub-Saharan Africa,36,6.356999874,1.070622325,1.402182937,0.595027924,0.477487415,0.149014473,0.046668742,SouthAmerica,1141748,49066,44.2,96.8,23.5,11.6,1,0.3,292080,3.1,6056.1,6.8,34,59.2,31045,44831,-13786,13.5,16.6,69.9,10.5,1.9,77.4,70.2,17.9,76.4,1.7,115.7,55.9,835,1.8,31,7.2,-,4.5,111.6,115.4,101.5,94.8,59.9,51.5,18.7,52.8,7127
Congo (Brazzaville),Sub-Saharan Africa,124,4.290999889,0.808964252,0.832044363,0.289957434,0.435025871,0.120852128,0.079618134,MiddleAfrica,342000,5261,15.4,100.1,42.3,5.2,2.6,8.5,8493,1.2,1838.1,4.7,70,25.3,2540,9793,-7253,40.7,25.8,33.5,11.5,4.9,64.1,61,46.5,65.4,3.2,111.7,7.6,134,0.7,24,5.2,-,-,114.8,107,50.6,58.4,8.3,11.1,7.4,65.4,54.9
Costa Rica,Latin America and Caribbean,12,7.078999996,1.109706283,1.416403651,0.759509265,0.58013165,0.214613229,0.100106589,CentralAmerica,51100,4906,96.1,100.1,21.6,13.6,1.1,8.8,52958,3.7,11015,5.1,21.5,73.4,9908,15322,-5414,11.6,19.1,69.3,8.6,1.9,81.7,76.7,9.3,76.8,2.7,150.7,59.8,340,1.6,44,9.3,1.2,7.2,109.5,110.1,125.6,120.7,60.9,46.6,35.1,53.4,10.1
Croatia,Central and Eastern Europe,77,5.293000221,1.222556233,0.967983007,0.701288521,0.255772293,0.248002976,0.04310311,SouthernEurope,56594,4189,74.9,93.1,14.7,26.8,-0.4,13.6,48676,1.6,11479.4,4.1,26.6,69.3,13648,21830,-8182,9.2,26.8,64,11.7,1.5,80.4,73.6,3.9,59,0.1,103.8,69.8,176,4,79,7.8,3.1,4.6,98.1,97.8,100.6,95.9,79.8,58.8,19.9,34.3,15.5
Cyprus,Western Europe,65,5.620999813,1.355938077,1.131363273,0.844714701,0.355111539,0.271254301,0.041237976,WesternAsia,9251,1180,127.7,100.2,16.8,18.5,0.9,16.8,19561,1.7,21941.9,2.3,10.6,87.2,1920,6604,-4684,4.1,16.7,79.2,10.3,1.4,82.2,77.7,4.2,66.9,0.9,95.4,71.7,72,5.2,72,7.4,2.5,6.1,99.3,99.3,99.4,100.1,69.4,51.1,17.9,18.7,16.2
Czech Republic,Central and Eastern Europe,23,6.609000206,1.352682352,1.433885217,0.754444003,0.490946174,0.088106759,0.036872927,EasternEurope,78868,10618,137.5,96.7,15.4,25.6,0.1,3.8,185156,4.5,17561.7,2.5,37.8,59.7,161248,140316,20932,2.5,37,60.5,3.9,1.5,81.2,75.1,2.5,73,0.3,129.2,81.3,53,9.2,164,7.4,3.7,4.1,99.9,99.6,106.1,105.1,76.3,54.2,20,34.5,6
Denmark,Western Europe,2,7.521999836,1.482383013,1.551121593,0.792565525,0.626006722,0.355280489,0.400770068,NorthernEurope,42921,5734,135.1,99,16.5,25.3,0.5,10.1,301308,1.6,53149.3,1.2,22.9,75.8,94355,85133,9222,2.4,19.2,78.4,6,1.7,82.2,78.1,3.5,87.7,0.6,128.3,96.3,47,5.9,119,10.8,3.6,8.6,100.7,102.3,133.4,128.3,96.3,69.7,37.4,14.4,48.2
Dominican Republic,Latin America and Caribbean,86,5.230000019,1.079373837,1.402416706,0.574873745,0.552589834,0.18696785,0.113945253,Caribbean,48671,10767,222.8,99.2,29.3,10.2,1.2,3.9,67103,7,6373.6,6.6,28,65.4,3747,22725,-18978,13.1,16.9,70,14.4,2.5,76.4,70.2,25.1,79,2.6,82.6,51.9,184,2.1,28,4.4,1.5,-,98.7,108.1,81.7,74.1,65,35.4,26.8,40.4,1.3
Ecuador,Latin America and Caribbean,44,6.007999897,1.000820398,1.286168814,0.685636222,0.455198199,0.150112465,0.140134647,SouthAmerica,257217,16625,66.9,99.9,28.4,10.5,1.6,2.4,100177,0.2,6205.1,10.1,34.1,55.8,16798,16189,609,25.7,19.2,55.1,5.8,2.6,78.4,72.8,21.1,63.7,1.9,79.4,48.9,2358,2.8,42,9.2,1.7,5,107.9,107.4,109.2,105.3,45.3,34.6,41.6,50.8,133.1
Egypt,Middle East and Northern Africa,104,4.735000134,0.989701807,0.997471392,0.520187259,0.282110155,0.128631443,0.114381365,NorthernAfrica,1002000,97553,98,102.3,33.5,7.9,2.2,0.5,315917,4.2,3452.3,11.2,36.3,52.5,22507,58053,-35545,25.4,25.3,49.3,11.5,3.4,73,68.7,18.9,43.1,1.7,111,35.9,156,2.2,36,5.6,0.8,-,103.8,104.1,85.9,86.3,35.6,36.9,14.9,0.1,256.5
El Salvador,Latin America and Caribbean,45,6.002999783,0.909784496,1.182125092,0.596018553,0.43245253,0.078257985,0.08998096,CentralAmerica,21041,6378,307.8,88.5,27.4,11.6,0.5,0.7,25850,2.5,4219.4,10.8,25.8,63.3,5335,9855,-4519,18.6,20.2,61.2,6.4,2.2,77.1,67.9,17,66.7,1.4,145.3,26.9,86,1,28,6.8,-,3.5,106.8,111.4,79.7,79.2,30.5,27.7,32.1,13,4.7
Estonia,Central and Eastern Europe,66,5.611000061,1.32087934,1.4766711,0.695168316,0.47913143,0.098890811,0.183248922,NorthernEurope,45227,1310,30.9,88.2,16.4,25.9,-0.3,15.4,22460,1.4,17112,3.4,27.4,69.2,13952,15759,-1807,3.8,29,67.3,7.2,1.6,81.2,71.8,3.2,67.5,-0.4,148.7,88.4,23,14.8,193,6.4,3.3,5.5,98.5,98.3,114.7,115.6,84.8,55.4,26.7,52.7,84.2
Ethiopia,Sub-Saharan Africa,119,4.460000038,0.339233845,0.864669204,0.353409708,0.408842742,0.31265074,0.165455714,EasternAfrica,1104300,104957,105,99.7,40.6,5.3,2.6,1.1,59917,9.6,602.8,40.5,16,43.5,1724,19121,-17397,70.5,8.4,21.1,5.7,4.6,65.5,61.9,45.8,19.5,4.9,42.8,11.6,148,0.1,15,4.9,-,4.5,97.2,106.9,34.4,35.9,5.3,10.9,38.8,12.5,745.7
Finland,Western Europe,5,7.468999863,1.443571925,1.540246725,0.80915767,0.617950857,0.245482773,0.382611543,NorthernEurope,338440,5523,18.2,97.2,16.4,27.8,0.4,5.7,231960,0.2,42148.1,2.5,26.8,70.6,57326,60502,-3176,4.2,22,73.8,8.9,1.8,83.7,77.7,2.3,84.2,0.5,135.5,92.7,36,8.6,257,9.7,3,7.2,101.4,101.7,156.3,142.8,95.6,79.3,42,73.1,32.6
France,Western Europe,31,6.441999912,1.430923462,1.387776852,0.844465852,0.470222116,0.129762307,0.172502428,WesternEurope,551500,64980,118.7,96.7,18.1,25.7,0.4,12.1,2418946,1.3,36304.2,1.7,19.5,78.8,488885,560555,-71670,2.7,20.5,76.8,9.8,2,85,78.8,3.4,79.5,0.8,102.6,84.7,278,4.7,158,11.5,3.2,5.5,105,105.7,111.2,110.1,71,57.9,25.8,30.8,356.2
Gabon,Sub-Saharan Africa,118,4.465000153,1.198210239,1.155620217,0.356578588,0.312328577,0.043785378,0.076046787,MiddleAfrica,267668,2025,7.9,105.6,35.9,6.4,3.3,15.6,13735,3.9,7960.7,3.8,54.5,41.7,2851,2930,-79,16.2,19.1,64.8,18.1,4,65.8,63.1,40.8,87.2,2.7,168.9,23.5,270,3.1,64,3.4,-,2.7,139.9,144,-,-,-,-,17.1,88.5,2.9
Georgia,Central and Eastern Europe,125,4.285999775,0.950612664,0.570614934,0.649546981,0.309410036,0.054008815,0.251666635,WesternAsia,69700,3912,56.3,91.4,19.2,20.8,-1.4,4.2,13965,2.8,3491.4,9,24.1,66.9,2114,7236,-5122,44.7,11.2,44.1,11.4,2,77,68.5,11.2,53.6,-0.1,129,45.2,120,2.2,47,7.4,4.8,2,118.2,115.5,103.8,103.6,47.8,39.2,16,40.6,274.1
Germany,Western Europe,16,6.951000214,1.487923384,1.472520351,0.798950732,0.562511384,0.33626917,0.276731938,WesternEurope,357376,82114,235.6,97,13.1,28,0.2,14.9,3363600,1.7,41686.2,0.6,30.5,68.9,1340752,1060672,280080,1.4,27.5,71.2,4.2,1.4,82.9,77.9,3.4,75.3,0.2,116.7,87.6,116,8.9,158,11.3,4.1,5,104.7,105.2,99.6,105.6,66.8,69.7,37,32.7,1052.1
Ghana,Sub-Saharan Africa,131,4.119999886,0.667224824,0.873664737,0.295637727,0.423026294,0.256923944,0.02533637,WesternAfrica,238537,28834,126.7,99.3,38.5,5.3,2.4,1.5,37156,3.9,1355.6,19,26.9,54.1,7221,11939,-4718,41.9,14.2,43.8,5.9,4.2,62.6,60.7,46.5,54,3.4,129.7,23.5,238,0.6,14,3.6,-,6.2,108.7,107.3,61.1,63.1,13.2,19.1,12.7,40.9,27.3
Greece,Western Europe,87,5.227000237,1.289487481,1.239414573,0.810198903,0.095731251,0,0.043289777,SouthernEurope,131957,11160,86.6,96.9,14.2,26.5,-0.4,11.3,194860,-0.2,17788,4.1,15.7,80.2,27811,47595,-19784,12.9,15,72.1,23,1.3,83.3,78,3.3,78,0.5,114,66.8,374,6.1,89,8.1,6.3,-,97.1,98.1,103.4,109.5,113.7,114,18.3,31.2,94.7
Guatemala,Latin America and Caribbean,29,6.453999996,0.872001946,1.255585194,0.54023999,0.531310618,0.283488393,0.077223279,CentralAmerica,108889,16914,157.8,96.9,35.1,6.9,2.1,0.5,63794,4.1,3903.5,10.8,27.2,62,10572,16987,-6415,32,18.5,49.4,2.4,3.2,75.6,69.2,26.9,51.6,3.4,111.5,27.1,290,1.1,32,6.2,-,3,99.8,103.8,63.3,67.9,23.5,20.2,12.7,33.4,1.8
Guinea,Sub-Saharan Africa,149,3.506999969,0.24454993,0.791244686,0.194129139,0.348587513,0.264815092,0.110937618,WesternAfrica,245857,12717,51.8,100.6,42.3,5.2,2.3,1.8,8875,0.1,703.9,19.8,32.8,47.4,1753,2082,-329,69.7,7.4,22.9,6.8,5.1,58.4,57.4,65.7,37.2,3.8,87.2,4.7,185,0.2,12,5.6,-,3.2,83.8,98.6,30.7,46.8,6.7,14.9,21.9,26,9.2
Haiti,Latin America and Caribbean,145,3.602999926,0.368610263,0.640449822,0.27732113,0.030369857,0.489203781,0.09987215,Caribbean,27750,10981,398.4,97.8,33,7.3,1.4,0.4,8501,1.7,793.7,16.7,38.2,45.1,984,3316,-2332,46.9,12.6,40.6,12.9,3.1,64.4,60.2,46.9,58.6,3.8,69.9,12.2,205,0.3,16,7.6,-,-,-,-,-,-,-,-,2.6,3.5,1.9
Honduras,Latin America and Caribbean,91,5.181000233,0.730573118,1.143944979,0.58256948,0.34807986,0.236188874,0.073345453,CentralAmerica,112492,9265,82.8,99.4,31.6,7,1.8,0.3,20365,3.6,2521.9,13,25.1,61.9,3657,8448,-4791,29.4,21.6,49,5.6,2.6,75.4,70.4,27.8,54.7,3.1,95.5,20.4,301,1.2,28,8.7,-,5.9,110.1,111.3,77,64.8,25.4,18.8,25.8,42.1,176.2
Hong Kong S.A.R. China,Eastern Asia,71,5.472000122,1.551674843,1.262790918,0.943062425,0.490968645,0.374465793,0.293933749,EasternAsia,1106,7365,7014.2,85.1,11.5,23.5,0.6,38.9,309236,2.4,42431,0.1,7.2,92.7,516588,547124,-30536,0.2,14.9,84.9,3.5,1.2,86.4,80.5,1.6,100,0.7,228.8,84.9,64,6.4,83,-,-,3.3,-,-,98.8,102.8,73.7,63.5,-,-,2.5
Hungary,Central and Eastern Europe,75,5.323999882,1.286011934,1.343133092,0.687763453,0.175863519,0.078401662,0.036636937,EasternEurope,93024,9722,107.4,90.7,14.3,26,-0.3,4.6,121715,3.1,12350.6,4.1,31.9,64,103071,92044,11027,4.3,29.8,65.9,4.5,1.3,78.8,71.7,4.9,71.2,0.5,118.9,72.8,66,4.3,97,7.4,3.3,4.7,101.3,101.9,105.3,105.1,56.7,45.3,10.1,22.8,14.4
Chile,Latin America and Caribbean,20,6.65199995,1.25278461,1.284024954,0.819479704,0.376895279,0.326662421,0.082287982,SouthAmerica,756102,18055,24.3,98.2,20.3,16,0.9,2.6,240796,2.3,13416.2,3.9,32.8,63.3,59884,58804,1080,9.6,22.9,67.5,6.8,1.8,81.3,76.2,7.4,89.5,1.1,129.5,64.3,197,4.7,85,7.8,-,4.9,100,103.3,101.3,100,94.4,83,15.8,23.4,3.7
China,Eastern Asia,79,5.272999763,1.081165791,1.160837412,0.741415501,0.472787708,0.028806841,0.022794275,EasternAsia,9600000,1409517,150.1,106.3,17.7,16.2,0.5,0.1,11158457,6.9,8109.1,9.2,41.1,49.7,2118981,1588696,530285,27,23.9,49.1,4.6,1.6,77.2,74.2,11.6,55.6,3,93.2,50.3,1080,7.5,87,5.5,1.5,-,104.3,104,95.6,93.2,47.3,39.9,23.7,22,301.7
Iceland,Western Europe,3,7.504000187,1.48063302,1.610574007,0.833552122,0.627162635,0.475540221,0.153526559,NorthernEurope,103000,335,3.3,100.7,20.1,20.1,0.6,11.4,16780,4.2,50936,6.4,24,69.7,4450,5703,-1254,4,17.7,78.2,3.6,2,83.8,80.6,1.6,94.1,1.3,114,98.2,27,6.1,952,8.9,3.8,7.8,98.6,99.7,121,116.3,103.1,60.2,47.6,0.5,0.5
India,Southern Asia,122,4.315000057,0.792221248,0.754372597,0.455427617,0.469987005,0.231538489,0.092226885,SouthernAsia,3287263,1339180,450.4,107.6,27.8,9.4,1.2,0.4,2116239,7.6,1614.2,17,29.7,53.2,260327,356705,-96378,44.3,24.5,31.2,3.4,2.4,69.1,66.2,41.3,32.7,2.4,78.8,26,1052,1.7,27,4.7,0.7,3.8,115.1,102.8,74.5,73.5,26.7,27,11.8,23.7,211.1
Indonesia,Southeastern Asia,81,5.262000084,0.995538592,1.274444699,0.492345721,0.443323463,0.611704588,0.015317135,South-easternAsia,1910931,263991,145.7,101.4,27.4,8.6,1.2,0.1,861934,4.8,3346.5,14,41.3,44.7,144490,135653,8837,31.4,22.4,46.2,5.8,2.4,70.7,66.6,25,53.7,2.7,132.4,22,1281,1.8,35,2.8,0.2,3.6,104.4,107.2,86,85.7,25.7,22.9,19.8,50.6,13.8
Iran,Middle East and Northern Africa,108,4.691999912,1.156873107,0.711551249,0.639333189,0.249322608,0.387242913,0.048761073,SouthernAsia,1628750,81163,49.8,101.2,23.7,8.8,1.2,3.4,398563,0.4,5038.1,8.6,39.1,52.3,45627,35333,10294,16.6,32.5,50.9,11.3,1.7,76.2,74,14.8,73.4,2.1,93.4,44.1,134,8.3,127,7.5,1.5,2.9,111.7,106.3,88.9,89.4,67.7,75.9,5.9,6.6,978.3
Iraq,Middle East and Northern Africa,117,4.497000217,1.102710485,0.978613198,0.50118047,0.288555533,0.199637264,0.107215755,WesternAsia,435052,38275,88.1,102.5,40.4,5,3.2,1,164234,-2.4,4509,4.6,58,37.4,27341,45831,-18490,20.4,21,58.6,16.1,4.6,71.4,67,32.1,69.5,3,93.8,17.2,72,4.8,58,5.5,0.9,-,-,-,-,-,-,-,25.3,1.9,4736.2
Ireland,Western Europe,15,6.977000237,1.535706639,1.558231115,0.809782624,0.573110342,0.427858323,0.298388153,NorthernEurope,69797,4762,69.1,98.4,21.6,19.1,0.3,15.9,283716,26.3,60513.6,1,41.7,57.3,129315,76997,52318,4.8,17.7,77.4,7.6,2,83,78.7,3.4,63.2,1.6,103.7,80.1,50,7.3,114,7.8,2.8,5.3,102,100.9,129.4,125.6,87.6,80.1,22.2,10.9,10.5
Israel,Middle East and Northern Africa,11,7.212999821,1.375382423,1.376289964,0.838404,0.405988604,0.330082655,0.0852421,WesternAsia,22072,8322,384.5,98.7,27.9,16.1,1.6,24.9,299413,2.5,37129.4,1.3,21.2,77.5,60571,65803,-5232,1,17.9,81,5.9,3,83.7,80,3.4,92.1,1.4,133.5,78.9,174,8.1,119,7.8,3.6,5.8,105.1,104.4,103,102,75.5,54.6,27.5,7.5,44.7
Italy,Western Europe,48,5.964000225,1.395066619,1.444923282,0.853144348,0.256450713,0.172789648,0.028028091,SouthernEurope,302073,59360,201.8,95.1,13.5,29.4,-0.1,9.7,1821580,0.7,30462.4,2.2,23.5,74.2,461529,404578,56951,3.5,27.1,69.4,11.4,1.4,84.7,79.9,3,69,0.4,151.3,65.6,359,5.4,103,9.2,3.9,4.1,100.6,101.4,101.7,104.1,72.2,53.2,31,31.4,216.7
Jamaica,Latin America and Caribbean,76,5.31099987,0.925579309,1.368218064,0.641022384,0.474307239,0.233818337,0.055267781,Caribbean,10990,2890,266.9,99,22.7,13.6,0.4,0.8,14262,1,5105.8,7.1,22.3,70.5,1202,4767,-3565,17.9,15.3,66.8,13.1,2.1,77.9,73.1,15,54.8,0.9,111.5,43.2,311,2.7,37,5.4,-,5.5,-,-,85.1,79.2,34.6,20.1,17.5,31,~0.0
Japan,Eastern Asia,51,5.920000076,1.416915178,1.436337829,0.913475871,0.505625546,0.120572768,0.163760737,EasternAsia,377930,127484,349.7,95.4,12.9,33.4,-0.1,1.6,4383076,1.2,34628.7,1.2,26.4,72.4,644932,606924,38008,3.7,26.5,69.8,3,1.4,86.4,80,2.2,93.5,0.6,125,93.3,404,9.6,146,10.2,2.3,3.6,101.2,101.3,101.9,101.6,60.9,65.7,9.3,68.5,19.4
Jordan,Middle East and Northern Africa,74,5.335999966,0.991012394,1.239088893,0.604590058,0.418421149,0.17217046,0.119803272,WesternAsia,89318,9702,109.3,102.6,35.5,5.7,4.9,41,37517,2.4,4940.1,4,27.7,68.4,7509,19207,-11698,2,17.8,80.2,13.4,3.6,75.5,72.2,17.1,83.7,3.8,179.4,53.4,113,3.6,47,7.5,2.6,-,97.6,97.1,84.8,80.2,47.3,42.5,15.4,1.1,721.4
Kazakhstan,Central and Eastern Europe,60,5.818999767,1.28455627,1.384369016,0.606041551,0.437454283,0.201964423,0.119282886,CentralAsia,2724902,18204,6.7,93.9,27.9,11.1,1.6,20.1,181754,1.2,10312.1,5,32.5,62.5,36775,25175,11601,18.1,20.4,61.6,5.6,2.7,73.9,64.3,14.1,53.2,0.9,187.2,72.9,82,14.3,193,4.4,3.3,2.8,109.1,108.8,113.5,110.6,51.3,41.4,27.1,1.2,9.2
Kenya,Sub-Saharan Africa,112,4.552999973,0.560479462,1.067950726,0.30998835,0.452763766,0.444860309,0.064641319,EasternAfrica,591958,49700,87.3,98.8,40.5,4.3,2.7,2.4,63399,5.6,1376.7,32,19,49,5688,14109,-8420,61.9,8.6,29.5,10.8,4.1,67.8,63,39.4,25.6,4.3,80.7,45.6,480,0.3,20,5.7,0.2,5.3,108.7,109.3,-,-,-,-,19.4,7.7,582.4
Kuwait,Middle East and Northern Africa,39,6.105000019,1.632952452,1.259698749,0.632105708,0.496337593,0.228289798,0.21515955,WesternAsia,17818,4136,232.1,134.9,21.1,4.9,5.4,73.6,114054,1.8,29303.9,0.6,48.7,50.7,46238,30825,15413,2.6,27.3,70.1,2.2,2,75.5,73.5,8.4,98.3,3.6,231.8,82.1,49,25.4,380,3,1.9,-,103,102.4,102.7,88.2,33.1,20.4,3.1,0.4,94.7
Kyrgyzstan,Central and Eastern Europe,98,5.004000187,0.596220076,1.394238591,0.553457797,0.454943389,0.428580374,0.039439179,CentralAsia,199949,6045,31.5,98.4,31.8,7.6,1.6,3.4,6572,3.5,1106.4,15.4,25.9,58.7,1423,3844,-2421,29.2,21,49.8,7.7,3.1,74.3,66.4,19.6,35.7,1.6,132.8,30.2,44,1.7,27,6.5,1.9,5.5,106.8,107.9,92.8,91.4,53.3,40.8,19.2,3.4,8.2
Latvia,Southeastern Asia,54,5.849999905,1.260748625,1.404714942,0.638566971,0.325707912,0.153074786,0.073842727,NorthernEurope,64573,1950,31.3,84.9,15.4,26.2,-1.2,13.4,27004,2.7,13704.1,3.2,23.3,73.5,11433,13596,-2163,7.3,23,69.7,9.6,1.5,78.7,68.8,6.5,67.4,-0.7,127,79.2,30,3.5,99,5.9,3.2,5.3,99.2,100.1,119.1,119.9,79.2,55.5,16,54,252.6
Lebanon,Central and Eastern Europe,88,5.224999905,1.074987531,1.129624248,0.735081077,0.288515985,0.264450759,0.03751383,WesternAsia,10452,6082,594.6,100.6,23.1,12,6,34.1,50149,1.5,8571.4,3.2,19.6,77.2,3402,20409,-17007,8.2,22.4,69.4,7,1.7,80.9,77.3,9.2,87.8,3.2,87.1,74,87,4.3,55,6.4,2.4,2.6,88.3,96.6,61,61.5,45.7,39.5,3.1,13.4,1054.2
Lesotho,Middle East and Northern Africa,139,3.808000088,0.521021247,1.190095186,0,0.390661299,0.157497272,0.11909464,SouthernAfrica,30355,2233,73.6,94.4,35.4,6.7,1.3,0.3,2008,2.8,940.6,7.7,31.3,61,648,1727,-1079,39.7,20,40.3,27.5,3.3,54.7,50.1,59.8,27.3,3,105.5,16.1,18,1.2,28,10.6,-,-,104,107,62,45.7,11.7,8,25,1.6,~0.0
Liberia,Sub-Saharan Africa,148,3.532999992,0.119041793,0.872117937,0.229918197,0.332881182,0.266549885,0.038948249,WesternAfrica,111369,4732,49.1,101.8,41.8,4.9,2.6,2.5,2053,0.3,455.9,70.8,11.4,17.9,641,727,-86,45.3,11.7,43,4.1,4.8,61.6,59.8,59,49.7,3.4,81.1,5.9,172,0.2,19,10,-,2.8,89.1,98.5,32.5,41.9,9,14.2,12.3,43.7,22.1
Libya,Middle East and Northern Africa,68,5.525000095,1.101803064,1.35756433,0.52016902,0.46573323,0.152073666,0.09261021,NorthernAfrica,1676198,6375,3.6,101.7,28.2,6.6,0.2,12.3,34457,-10.2,5488.2,0.9,67.1,32,4615,8876,-4261,19.1,25.1,55.8,19.2,2.4,74.4,68.8,24.3,78.6,1.1,157,19,63,9.1,119,5,2.1,-,-,-,-,-,-,-,16,0.1,472.5
Lithuania,Central and Eastern Europe,52,5.90199995,1.314582348,1.473516107,0.62894994,0.234231785,0.010164657,0.011865643,NorthernEurope,65286,2890,46.1,85.4,14.8,25.3,-1.3,4.7,41402,1.8,14383.7,3.6,29.8,66.5,25025,27501,-2476,8.7,24.5,66.8,9.2,1.6,79.3,68.5,4.4,66.5,-0.5,139.5,71.4,26,4.4,98,6.6,4.3,4.6,103.7,103.2,106.1,110.3,82,55.8,21.3,34.8,4.7
Luxembourg,Western Europe,18,6.862999916,1.741943598,1.457583666,0.845089495,0.596627891,0.283180982,0.318834424,WesternEurope,2586,584,225.3,101,16.4,19.6,2.2,44,56802,3.5,100160.8,0.2,12.1,87.7,12838,19124,-6285,1.3,10.2,88.5,5.6,1.5,83.4,78.8,3.4,90.2,1.7,148.5,97.3,11,17.3,290,6.9,2.9,4.1,97.3,96.9,103.5,101.1,20.7,18.2,28.3,33.5,4.2
Madagascar,Sub-Saharan Africa,144,3.644000053,0.305808693,0.913020372,0.375223309,0.189196765,0.20873253,0.067231975,EasternAfrica,587295,25571,44,99.5,41,4.8,2.7,0.1,9739,3.1,401.8,24.9,18.4,56.7,2256,2965,-709,74.2,9.4,16.5,2.3,4.4,66,63,36.8,35.1,4.7,46,4.2,1324,0.1,7,3,0.1,2.1,148.9,148.9,38.1,38.8,4.6,5,19.2,21.5,0.1
Malawi,Sub-Saharan Africa,136,3.970000029,0.233442038,0.512568831,0.315089583,0.466914654,0.28717047,0.072711654,EasternAfrica,118484,18622,197.5,98.2,44,4.3,2.9,1.2,6420,3,372.9,26.1,16.6,57.3,875,1649,-774,69.9,4.8,25.4,6.8,4.9,63.1,58.2,66.5,16.3,3.8,35.3,9.3,176,0.1,6,11.4,-,5.6,147,144,41,45.8,0.6,1,16.7,33.6,25.7
Malaysia,Southeastern Asia,42,6.084000111,1.29121542,1.284646034,0.618784428,0.402264982,0.41660893,0.065600708,South-easternAsia,330323,31624,96.3,106.7,24.3,9.7,1.8,8.3,296284,5,9768.4,8.6,39.6,51.8,189414,168375,21039,11.8,27.3,60.9,3.3,2.1,77.1,72.6,6.5,74.7,2.7,143.9,71.1,1272,8.1,118,4.2,1.3,5,101.9,101.7,80.7,74.6,31.8,20.8,10.4,67.5,238.6
Mali,Sub-Saharan Africa,127,4.190000057,0.476180494,1.281473398,0.169365674,0.306613743,0.183354199,0.104970247,WesternAfrica,1240192,18542,15.2,100.2,47.7,4,2.9,2.1,13100,7.6,744.3,39.9,19.6,40.5,3030,2510,520,56.7,14.7,28.6,8.1,6.4,56.9,55.6,78.5,39.9,5.1,139.6,10.3,42,0.1,4,7,-,3.7,72.1,79.3,36.8,45.6,4.1,9.6,8.8,3.9,90.8
Malta,Western Europe,27,6.52699995,1.343279839,1.488411665,0.821944237,0.588767052,0.574730575,0.153066069,SouthernEurope,315,431,1346.4,100.9,14.4,26.1,0.5,9.9,9747,6.2,23280.7,1.4,15,83.6,4039,7182,-3143,1.2,20.9,77.9,5.4,1.4,82,78.6,4.8,95.4,0.5,129.3,76.2,39,5.6,78,9.7,3.9,7.8,104.7,102.2,98.1,91.7,55.2,40.3,12.5,1.1,8.1
Mauritania,Sub-Saharan Africa,123,4.291999817,0.648457289,1.27203083,0.28534928,0.096098043,0.201870024,0.136957005,WesternAfrica,1030700,4420,4.3,101.6,39.9,5,2.9,3.4,5023,1.2,1235,20.9,41.7,37.4,1623,2174,-551,40.3,9.5,50.2,12,4.9,64.1,61.2,68,59.9,3.5,89.3,15.2,86,0.7,13,3.8,-,2.9,105,100,29.5,31.7,3.6,7.1,25.2,0.2,69
Mauritius,Sub-Saharan Africa,64,5.629000187,1.189395547,1.20956099,0.638007462,0.491247326,0.360933751,0.042181555,EasternAfrica,1969,1265,623.2,97.9,18.4,16.6,0.2,2.2,11511,3.5,9040.9,2.9,22.7,74.4,2194,4655,-2461,7.3,25.2,67.5,7.6,1.5,77.7,70.7,12,39.7,-0.1,140.6,50.1,257,3.3,51,4.8,-,4.9,103.9,102.2,97.9,93.6,41.7,31.7,11.6,19,-
Mexico,Latin America and Caribbean,25,6.578000069,1.153183818,1.21086216,0.709978998,0.412730008,0.120990433,0.132774115,CentralAmerica,1964375,129163,66.4,99.2,26.7,10.1,1.4,0.9,1140724,2.5,8980.9,3.6,36,60.4,373883,387064,-13181,13.4,25.2,61.3,4.1,2.3,78.9,74,18.8,79.2,1.6,85.3,57.4,1162,3.8,62,6.3,2.1,5.3,103.2,103.6,93.5,87.7,30,29.9,42.6,34,5.9
Moldova,Central and Eastern Europe,56,5.837999821,0.72887063,1.251825571,0.589465201,0.240729049,0.208779126,0.010091286,EasternEurope,33846,4051,123.3,92.2,15.7,17.6,-0.1,3.5,6475,-0.7,1591.4,13.4,20.8,65.8,2045,4020,-1975,28.8,30.9,40.3,5,1.3,75.2,66.7,14.3,45,-0.7,108,49.8,35,1.2,23,10.3,2.5,7.5,91.9,92.9,86.5,85.8,47.4,35.3,22.8,12.3,5.5
Montenegro,Central and Eastern Europe,83,5.236999989,1.121129036,1.238376498,0.667464674,0.194989055,0.197911024,0.088174194,SouthernEurope,13812,629,46.8,97.4,18.1,21.3,0.1,13.2,4020,4.5,6424.1,9.8,17.5,72.6,354,2263,-1908,7.5,17.3,75.2,17.4,1.7,78.8,74,4.1,64,0.3,162.2,64.6,98,3.5,64,6.4,2.3,-,93.3,95.2,90.3,90.4,-,-,23.5,61.5,16
Myanmar,Southeastern Asia,114,4.545000076,0.36711055,1.123235941,0.397522569,0.514492035,0.838075161,0.188816205,South-easternAsia,676577,53371,81.7,95.5,26.8,9.4,0.9,0.1,62601,7.3,1161.5,26.7,34.5,38.7,11673,15696,-4023,23.6,14.6,61.7,0.8,2.3,68.3,63.7,45,34.1,2.5,76.7,21.8,321,0.4,15,2.3,0.6,-,98.3,101,52,50.6,14.9,12.1,10.2,45.3,1392.1
Namibia,Sub-Saharan Africa,111,4.573999882,0.964434326,1.098470807,0.338611811,0.520303547,0.077133745,0.093146972,SouthernAfrica,824116,2534,3.1,94.7,36.7,5.5,2.2,3.8,11491,5.3,4673.6,6.6,30.6,62.8,4816,6721,-1905,29.1,14.6,56.3,24.9,3.6,64.3,59.1,36.4,46.7,4.2,102.1,22.3,115,1.6,31,-,-,-,109.5,113.3,-,-,-,-,41.3,8.5,4.8
Nepal,Southern Asia,99,4.961999893,0.479820192,1.179283261,0.504130781,0.440305948,0.394096166,0.072975546,SouthernAsia,147181,29305,204.4,94.3,30.9,8.8,1.2,1.8,20658,2.7,724.5,31.8,14.9,53.3,703,5249,-4547,72.6,10.9,16.5,3,2.3,70.4,67.4,32.8,18.6,3.2,96.8,17.6,104,0.3,19,5.8,-,3.7,141.2,130.7,72.2,67.1,15.1,14.8,29.6,25.4,30.7
Netherlands,Western Europe,6,7.376999855,1.503944635,1.428939223,0.810696125,0.585384488,0.47048983,0.282661825,WesternEurope,41542,17036,505.2,99,16.4,25,0.3,11.7,750318,2,44332.1,1.8,20,78.2,511714,420969,90745,2.2,15.9,81.9,5.6,1.7,83.1,79.4,3.5,90.5,1,123.5,93.1,40,9.9,178,10.9,3.4,5.5,104.4,105,136.3,134.7,82.5,74.7,38,11.1,116.3
New Zealand,Australia and New Zealand,8,7.31400013,1.405706048,1.548195124,0.816759706,0.61406213,0.500005126,0.382816702,Oceania,268107,4706,17.9,96.7,19.8,20.8,1.1,23,173417,3.1,38294.3,6.5,23,70.6,33833,36423,-2589,5.9,21.4,72.6,5.5,2,83.1,79.5,4.4,86.3,1,121.8,88.2,199,7.7,207,11,2.9,6.4,99.1,99.6,119.9,113.4,96.7,71.6,34.2,38.6,1.7
Nicaragua,Latin America and Caribbean,43,6.071000099,0.737299204,1.28721571,0.653095961,0.447551847,0.301674217,0.130687982,CentralAmerica,130373,6218,51.7,97.2,29,8.4,1.2,0.7,12693,4.9,2086.9,18.8,26.8,54.4,2225,5927,-3701,24.1,14.5,61.4,6.1,2.3,77.5,71.4,20,58.8,2,116.1,19.7,144,0.8,26,9,0.9,-,-,-,-,-,-,-,45.7,25.9,0.6
Niger,Sub-Saharan Africa,135,4.027999878,0.161925331,0.993025005,0.268505007,0.363658696,0.228673846,0.138572946,WesternAfrica,1267000,21477,17,100.6,50.2,4.2,3.8,1,7143,3.6,359,39.6,19.1,41.3,927,1861,-933,62.3,14.4,23.3,2.7,7.4,59.5,57.6,65.8,18.7,5.1,46.5,2.2,34,0.1,5,6,-,6.7,66.8,77.9,17.2,24.2,0.9,2.6,17,0.9,312.5
Nigeria,Sub-Saharan Africa,95,5.073999882,0.783756256,1.215770483,0.05691573,0.394952565,0.230947196,0.026121566,WesternAfrica,923768,190886,209.6,102.7,44,4.5,2.7,0.7,494583,2.7,2714.5,20.9,20.4,58.8,104084,36533,67551,27.9,14.7,57.4,5.4,5.7,52.6,51.2,76.3,47.8,4.7,82.2,47.4,361,0.6,32,3.7,-,-,92.8,94.5,53.5,57.8,8.3,11.8,5.6,8.1,2437.5
Norway,Western Europe,1,7.537000179,1.616463184,1.53352356,0.796666503,0.635422587,0.362012237,0.315963835,NorthernEurope,386194,5305,14.5,101.8,17.8,22.3,1.2,14.2,386578,1.6,74185.5,1.8,34.6,63.5,89120,72473,16647,2.2,20.2,77.6,5.1,1.8,83.6,79.5,2.4,80.5,1.3,113.6,96.8,64,9.2,233,9.7,4.4,7.4,100.3,100.5,111.1,114.7,91.5,62.8,39.6,33.2,73.2
Pakistan,Southern Asia,80,5.269000053,0.726883531,0.67269069,0.402047783,0.235215262,0.315446019,0.124348067,SouthernAsia,796095,197016,255.6,105.6,34.8,6.7,2.1,1.9,266458,5.5,1410.4,25.5,19,55.5,20534,46998,-26464,42.1,19.8,38.1,5.9,3.7,66.8,65,69.8,38.8,2.8,66.9,18,140,0.9,17,2.6,0.8,2.6,85.2,99.7,39.2,49.5,9.2,10.6,20.6,2,2739.4
Palestinian Territories,Middle East and Northern Africa,103,4.775000095,1.009850144,1.259976387,0.625130832,0.561213255,0.490863562,0.073653966,WesternAsia,6020,4921,817.4,102.9,39.6,4.6,2.7,5.5,12677,3.5,2715.5,4.8,23.4,71.9,929,5058,-4128,8.7,29.8,61.5,24.2,4.2,74.8,71.1,20,75.3,2.8,77.6,57.4,31,0.6,15,-,-,1.3,94.3,94.4,87,79.2,54.4,34.5,-,1.5,~0.0
Panama,Latin America and Caribbean,30,6.452000141,0.716249228,1.155647159,0.565666974,0.254711062,0.114173174,0.089282602,CentralAmerica,75320,4099,55.1,100.4,27.4,11.4,1.7,4.7,52132,5.8,13268.1,2.8,27.1,70,636,11697,-11061,14.5,19.6,65.9,6.2,2.6,80.5,74.3,15.2,66.6,2.1,174.2,51.2,383,2.3,35,8,1.6,3.2,100.9,103.5,78.3,72.9,46.5,31.2,18.3,62.3,21.5
Paraguay,Latin America and Caribbean,70,5.493000031,1.233748436,1.373192549,0.706156135,0.550026834,0.210556939,0.070983924,SouthAmerica,406752,6811,17.1,102.9,29.4,9.4,1.3,2.4,27714,3.1,4174.4,19,29.5,51.6,8494,9753,-1259,19.6,19.5,61,5.5,2.6,74.9,70.7,28.8,59.7,2.1,105.4,44.4,59,0.9,38,9.8,1.3,5,104.3,107.6,79.1,74.2,-,-,13.8,39.4,0.2
Peru,Latin America and Caribbean,63,5.715000153,0.932537317,1.50728488,0.579250693,0.473507792,0.224150658,0.091065913,SouthAmerica,1285216,32166,25.1,99.8,27.4,10.4,1.3,0.3,190428,3.3,6069.1,7.6,33.3,59.2,36040,36185,-145,24.4,17.3,58.3,5.3,2.5,76.8,71.5,18.6,78.6,1.7,109.9,40.9,685,2,30,5.5,1.1,4,101.7,101.7,95.8,95.7,-,-,27.7,57.9,2.5
Philippines,Southeastern Asia,72,5.429999828,1.035225272,1.218770385,0.630166113,0.450002879,0.126819715,0.047049087,South-easternAsia,300000,104918,351.9,101.3,31.7,7.6,1.6,0.2,292449,5.9,2904.2,10.5,31.3,58.2,56313,85909,-29596,27.7,16.3,56.1,5.9,3,72.1,65.4,22.2,44.4,1.3,118.1,40.7,783,1.1,19,4.7,-,-,116.9,116.8,92.7,84.4,40.3,31.4,29.5,26.2,240.2
Poland,Central and Eastern Europe,46,5.97300005,0.857699215,1.253917575,0.468009055,0.585214674,0.193513423,0.099331893,EasternEurope,312679,38171,124.6,93.4,14.8,24,-~0.0,1.6,477066,3.9,12355.5,2.6,34.1,63.3,196455,188518,7937,10.9,29.6,59.5,5.3,1.3,81,72.9,4.5,60.5,-0.1,148.7,68,58,7.4,102,6.4,2.3,4.9,100.7,100.5,106.1,110,82.6,54.2,28,30.7,23.7
Portugal,Western Europe,89,5.195000172,1.291787863,1.44571197,0.699475348,0.520342112,0.158465967,0.059307806,SouthernEurope,92226,10330,112.8,89.8,13.6,27.9,-0.4,8.1,199122,1.6,19239.2,2.3,22.3,75.4,55658,67580,-11922,8,23.8,68.2,10.5,1.3,83.5,77.3,2.9,63.5,1,110.4,68.6,281,4.3,84,9.5,4.4,5.1,105.3,109.4,117.3,121,65.7,58,34.8,34.9,1.8
Qatar,Middle East and Northern Africa,35,6.375,1.315175295,1.367043018,0.795843542,0.4984653,0.095102713,0.015869452,WesternAsia,11607,2639,227.3,301.2,13.9,2.8,6.6,75.5,164641,3.6,73653.4,0.2,56.4,43.5,57254,32058,25196,1.2,54.1,44.7,0.3,2,79.4,76.8,7.2,99.2,6,153.6,92.9,39,49.7,846,2.2,2,3.6,103.6,102.4,103.6,82,43.9,6.3,0,0,1.5
Romania,Central and Eastern Europe,57,5.824999809,1.870765686,1.27429688,0.710098088,0.604130983,0.33047387,0.439299256,EasternEurope,238391,19679,85.5,94,15.3,24.9,-0.6,1.2,177956,3.7,9120.7,4.8,34.9,60.3,63581,74605,-11024,25.5,27.7,46.8,7.1,1.5,78.4,71.4,8.7,54.6,~0.0,107.1,55.8,104,3.6,68,5.6,2.7,3.1,89,90.5,92,92.5,59,47.8,20.7,29.5,3.2
Russia,Central and Eastern Europe,49,5.962999821,1.217683911,1.15009129,0.685158312,0.457003742,0.133519918,0.004387901,EasternEurope,17098246,143990,8.8,86.8,17.6,21.1,0.1,8.1,1326016,-3.7,9243.3,4.7,31.8,63.5,285491,182257,103234,6.8,27.1,66.1,5.8,1.7,75.9,64.7,8.3,74,-0.1,160,73.4,235,11.9,208,7.1,3.3,3.9,100.9,100.1,103.4,105.5,88.3,72.9,15.8,49.8,418.4
Rwanda,Sub-Saharan Africa,151,3.470999956,1.281778097,1.469282389,0.547349334,0.373783112,0.052263822,0.032962881,EasternAfrica,26338,12208,494.9,96.2,40.1,4.9,2.5,3.8,8096,6.9,697.3,34.6,15.1,50.3,622,1778,-1157,75,7.2,17.8,2.4,4.2,67.1,63.1,44,28.8,6.4,70.5,18,62,0.1,8,7.5,-,3.6,133.4,131.7,38.2,35.2,6.9,9.1,61.3,19.2,155.1
Saudi Arabia,Middle East and Northern Africa,37,6.343999863,0.368745893,0.945707023,0.326424807,0.581843853,0.252756029,0.455220014,WesternAsia,2206714,32938,15.3,132.9,25.2,5.6,2.8,32.3,653219,3.4,20710.6,2.3,46,51.8,182329,135904,46426,5.9,22.7,71.4,5.5,2.7,75.6,72.7,13,83.1,2.1,176.6,69.6,131,19.5,287,4.7,2.6,-,111.1,107.9,93.7,122.6,61.8,64.4,19.9,0.5,70.2
Senegal,Sub-Saharan Africa,115,4.534999847,1.530623555,1.286677599,0.59014833,0.449750572,0.147616014,0.273432255,WesternAfrica,196712,15851,82.3,96.6,42.9,4.7,3,1.7,13633,6.5,901.1,15.5,24.1,60.4,2640,5478,-2838,51.4,20.7,27.9,9.3,5,67.5,63.8,43.9,43.7,3.6,100,21.7,123,0.6,11,4.7,-,7.4,86.9,77.6,49.1,50.2,7.8,12.9,42.7,43.2,17.6
Serbia,Central and Eastern Europe,73,5.394999981,0.479309022,1.179691911,0.409362853,0.377922267,0.183468893,0.115460448,SouthernEurope,88499,8791,100.5,95.6,16.5,24.5,-0.4,9.1,37160,0.8,5238.6,8.2,31.4,60.5,14852,19231,-4379,19.4,24.5,56.1,15.5,1.6,77.5,71.8,9.8,55.6,-0.3,120.5,65.3,71,4.3,62,10.4,2.5,4.2,101.2,101.5,97.4,96,66.9,50.2,34.4,31.1,254.1
Sierra Leone,Sub-Saharan Africa,106,4.709000111,1.069317579,1.258189797,0.650784671,0.208715528,0.220125884,0.040903781,WesternAfrica,72300,7557,104.7,98.1,42.1,4.2,2.3,1.4,4483,-20.3,694.8,51.4,17.6,31.1,466,958,-492,68,6.5,25.5,3.1,4.8,50.7,49.6,94.4,39.9,2.7,89.5,2.5,177,0.2,11,11.1,-,2.7,128.2,127,40.1,46.5,-,-,12.4,41.3,0.8
Singapore,Southeastern Asia,26,6.572000027,0.368420929,0.984136045,0.005564754,0.318697691,0.293040901,0.071095176,South-easternAsia,719,5709,8155.5,97.7,15,19.5,1.7,45.4,292734,2,52239,~0.0,26.4,73.6,329871,283009,46862,0.3,17,82.6,2,1.2,84.5,80.1,2.1,100,2,146.1,82.1,293,10.2,209,4.9,1.9,2.9,-,-,-,-,-,-,23.8,23.1,~0.0
Slovakia,Central and Eastern Europe,40,6.09800005,1.69227767,1.353814363,0.949492395,0.549840569,0.345965981,0.464307785,EasternEurope,49035,5448,113.3,94.6,15.4,21.8,0.1,3.3,87268,3.8,16082.5,3.7,34.8,61.5,77565,75156,2409,3.3,34.5,62.2,9.9,1.4,79.8,72.6,5.7,53.6,-0.3,122.3,85,54,5.6,121,8.1,3.4,4.2,99.2,100.2,92.8,92.1,64.6,41.8,20,40.3,2.7
Slovenia,Central and Eastern Europe,62,5.757999897,1.325393558,1.505059242,0.712732911,0.295817465,0.136544481,0.024210852,SouthernEurope,20273,2080,103.3,98.6,15,26.3,0.3,11.4,42777,2.3,20689.8,2.4,32.7,64.9,27585,26646,939,8.9,29.6,61.5,8.1,1.6,83.2,77.2,2.5,49.7,0.1,113.2,73.1,143,6.2,135,9.2,2.8,5.5,99.4,99.2,110.5,110.8,98.5,68.2,36.7,62,0.6
Somalia,Sub-Saharan Africa,93,5.151000023,1.341205955,1.452518821,0.790828228,0.572575808,0.242649093,0.045128979,EasternAfrica,637657,14742,23.5,99.3,46.4,4.4,2.9,0.2,1559,2.7,144.5,60.2,7.4,32.5,925,530,394,72,4.8,23.2,6.6,6.6,56.5,53.3,79.5,39.6,4.1,52.5,1.8,175,0.1,12,-,~0.0,-,-,-,-,-,-,-,24.2,10.3,1168.4
South Africa,Sub-Saharan Africa,101,4.828999996,0.022643184,0.721151352,0.113989137,0.602126956,0.291631311,0.282410324,SouthernAfrica,1221037,56717,46.8,96.4,29,8.4,1.4,5.8,314571,1.3,5773,2.4,28.9,68.7,74111,74744,-633,6.1,26.2,67.7,26,2.6,63,56.1,36.5,64.8,1.6,159.3,51.9,581,9.1,122,8.8,0.8,6,97.3,102.2,111.5,88,23.3,15.7,42.2,7.6,1201.9
South Korea,Eastern Asia,55,5.837999821,1.054698706,1.384788632,0.18708007,0.479246736,0.13936238,0.072509497,EasternAsia,100284,50982,524.3,100.2,13.5,20.1,0.4,2.6,1377873,2.6,27396.7,2.3,38,59.7,495418,406182,89236,5,24.7,70.3,3.6,1.2,84.4,77.9,3,82.5,0.7,118.5,89.9,111,11.7,223,7.4,2.2,5.1,98.7,99.3,98.4,99.3,80.2,104.8,17,63.5,8
South Sudan,Sub-Saharan Africa,147,3.59100008,1.401678443,1.128274441,0.900214076,0.257921666,0.206674367,0.063282669,EasternAfrica,658841,12576,20.6,100.4,41.7,5.1,3.3,6.7,13167,2,1067,4.6,58,37.4,2389,750,1640,-99,-99,-99,-,5.2,56,54.1,77.7,18.8,5.1,23.9,17.9,49,0.1,2,2.7,-,1.8,53.1,74.9,6.6,12.3,-,-,28.5,-,2231.2
Spain,Western Europe,34,6.402999878,0.397248626,0.601323128,0.163486004,0.147062436,0.285670817,0.116793513,SouthernEurope,505944,46354,92.9,96.2,14.7,25.3,-0.2,12.7,1192955,3.2,25865.4,2.6,23.6,73.7,281777,302539,-20762,3.9,19.2,76.8,18.3,1.3,85.3,79.6,2.9,79.6,0.7,107.9,78.7,617,5.1,102,9,3.8,4.3,105.6,104.5,129.6,130,97.1,82.5,39.1,36.8,28.8
Sri Lanka,Southern Asia,120,4.440000057,1.384397864,1.532090902,0.8889606,0.40878123,0.190133572,0.070914097,SouthernAsia,65610,20877,332.9,92.5,24,14.9,0.5,0.2,82316,4.8,3973.7,8.7,30.7,60.6,10546,19501,-8955,27.4,25.9,46.6,5.2,2.1,78,71.2,8.2,18.4,0.8,112.8,30,587,0.9,20,3.5,-,2.2,100.6,102.7,102,97.5,24,15.6,5.8,33.1,44.2
Sudan,Sub-Saharan Africa,130,4.138999939,0.659516692,1.21400857,0.290920824,0.014995855,0.182317451,0.08984752,NorthernAfrica,1886000,40533,23,99.9,40.8,5.5,2.3,1.3,79546,4.9,1977,32.4,20.1,47.6,1797,7658,-5861,32.9,20.4,46.7,13.4,4.8,65.1,62.1,48.7,33.8,2.5,70.5,26.6,133,0.4,16,8.4,3.1,-,66.6,74.1,41.5,43.9,16.8,15.8,30.5,-,3619.6
Sweden,Western Europe,9,7.28399992,1.494387269,1.478162169,0.830875158,0.612924099,0.385399252,0.384398729,NorthernEurope,438574,9911,24.2,100.2,17.5,25.5,0.8,16.8,495694,4.1,50687.5,1.3,26.3,72.4,139574,140838,-1263,1.8,18.2,79.9,7.3,1.9,83.7,80,2.4,85.8,0.8,130.4,90.6,54,4.5,206,11.9,4.1,7.7,125.6,120.6,150,131.5,75.7,49.6,43.6,68.9,348.5
Switzerland,Western Europe,4,7.493999958,1.564979553,1.516911745,0.858131289,0.620070577,0.290549278,0.367007285,WesternEurope,41291,8476,214.5,98.2,14.9,24.1,1.2,29.4,670790,0.8,80831.1,0.7,25.5,73.8,304691,269157,35534,3.5,20.4,76.1,4.6,1.5,84.8,80.5,3.9,73.9,1.1,142,88,74,4.3,126,11.7,4.1,5.1,103.8,104.1,99.4,103,58.5,56.9,32.5,31.6,110.1
Syria,Middle East and Northern Africa,152,3.461999893,0.777153134,0.396102607,0.500533342,0.081539445,0.493663728,0.151347131,WesternAsia,185180,18270,99.5,102.1,36.6,6.8,-2.3,4.7,28393,-5.3,1534.5,20.7,30,49.3,1265,2383,-1118,18.5,39.2,42.3,13.8,3.1,76.3,64.4,17.9,57.7,1.4,62.4,30,132,1.7,24,3.3,1.5,-,78.7,81.4,50.5,50.5,47,41.3,13.2,2.7,6768.5
Tajikistan,Central and Eastern Europe,96,5.040999889,0.524713635,1.271463275,0.529235125,0.471566707,0.248997644,0.146377146,CentralAsia,142600,8921,63.7,100.9,35.3,5.8,2.2,3.2,7853,4.2,925.9,25,28,47.1,899,3030,-2132,57.2,13.4,29.4,10.8,3.5,73.5,67.7,38.9,26.8,2.6,98.6,19,45,0.6,14,6.9,1.7,5.2,101.2,99.8,83.1,92.5,24,33.6,19,3,21.8
Tanzania,Sub-Saharan Africa,153,3.348999977,0.511135876,1.041989803,0.364509284,0.390017778,0.354256362,0.066035107,EasternAfrica,947303,57310,64.7,97.8,44.9,4.7,3.1,0.5,45628,7,877.3,31.1,26.1,42.9,4742,7876,-3134,66.9,6.4,26.7,2.7,5.2,64.8,60.8,44,31.6,5.4,75.9,5.4,1082,0.2,20,5.6,~0.0,3.5,82.9,80.5,30.8,33.7,2.5,4.9,36.4,52.4,402.1
Thailand,Southeastern Asia,32,6.423999786,1.127868772,1.425792456,0.647239029,0.580200732,0.57212311,0.031612735,South-easternAsia,513120,69038,135.1,95.2,17.3,16.9,0.4,5.8,395168,2.8,5814.8,9.1,35.7,55.1,213927,195666,18260,34,22.7,43.3,0.6,1.5,78.4,70.8,11.2,50.4,3,125.8,39.3,611,4.7,83,4.1,-,4.1,99.2,106.1,125.3,132.6,57.3,40.5,4.9,32,554.1
Togo,Sub-Saharan Africa,150,3.494999886,0.305444717,0.43188253,0.247105569,0.380426139,0.196896151,0.095665015,WesternAfrica,56785,7798,143.4,99.4,41.6,4.6,2.6,3.8,4086,5.5,559.4,45.7,19.7,34.6,715,1716,-1001,62.5,8.7,28.7,6.8,4.7,59.8,58.3,55.7,40,3.8,65,7.1,80,0.4,20,5.2,-,5.2,118.5,125.1,-,-,6.4,14.9,17.6,3.8,13.8
Trinidad and Tobago,Latin America and Caribbean,38,6.168000221,1.361355901,1.380228519,0.519983292,0.518630743,0.325296462,0.008964816,Caribbean,5127,1369,266.9,97.1,20.7,15,0.5,3.7,25927,0.2,19062.9,0.5,42.5,57,4576,4826,-249,4.1,31.6,64.3,4.2,1.8,73.8,66.9,24.8,8.4,-1.2,157.7,69.2,69,34.2,607,5.9,-,-,-,-,-,-,-,-,31,45.4,0.2
Tunisia,Middle East and Northern Africa,102,4.804999828,1.007265806,0.86835146,0.613212049,0.28968069,0.049693357,0.086723149,NorthernAfrica,163610,11532,74.2,97.6,24,12.3,1.2,0.5,41199,0.8,3660.9,10.3,27.8,62,13483,19456,-5973,11.7,29.4,58.9,14.6,2.3,77.1,73,18.5,66.8,1.4,129.9,48.5,96,2.6,39,7,1.6,6.3,112.5,115.8,94.2,90,43.3,26.2,31.3,6.6,0.7
Turkey,Middle East and Northern Africa,69,5.5,1.198274374,1.337753177,0.637605608,0.3007406,0.046693042,0.09967158,WesternAsia,783562,80745,104.9,97,25,12,1.6,3.8,717888,4,9125.8,8.6,26.4,65,142606,198602,-55996,19.6,27.5,52.9,10.8,2.1,78.1,71.5,12.6,73.4,2,96,53.7,388,4.5,65,5.4,1.7,4.8,102.1,102.8,101.1,103.8,88.3,101,14.9,15.1,3006.3
Turkmenistan,Central and Eastern Europe,59,5.822000027,1.130776763,1.493149161,0.43772608,0.418271929,0.249924988,0.25927034,CentralAsia,488100,5758,12.3,97,30.9,7.3,1.8,3.7,37597,6.5,6996.7,13.4,51,35.6,3741,2616,1125,17.9,37.4,44.7,8.6,3,70.8,63.9,46.9,50,1.9,145.9,15,54,12.9,212,2.1,2.3,3.1,88.6,90.1,83.7,86.9,6.2,9.7,25.8,8.8,7.2
Uganda,Sub-Saharan Africa,133,4.080999851,0.381430715,1.129827738,0.217632607,0.443185955,0.325766057,0.057069719,EasternAfrica,241550,42863,214.5,99,47.7,3.3,3.4,1.9,25282,5.4,647.7,25.6,21.5,52.9,2755,3750,-996,72,7.4,20.5,2.4,5.9,60.7,56.5,60.2,16.1,5.4,50.4,19.2,196,0.1,12,7.2,-,2.2,110.9,108.9,22.1,24.3,4.2,5.4,34.3,11,727.1
Ukraine,Central and Eastern Europe,132,4.096000195,0.894651949,1.394537568,0.575903952,0.122974776,0.270061463,0.023029471,EasternEurope,603500,44223,76.3,86,15.5,23.2,-0.5,10.8,90615,-9.9,2021.6,14,26.3,59.7,36369,39184,-2815,15.7,24.6,59.7,8.8,1.5,76,66.1,8.8,69.7,-0.3,144,49.3,102,5.1,98,7.1,3,5.9,105.1,102.8,98.2,100.2,88.4,76.5,12.3,16.6,1644.8
United Arab Emirates,Middle East and Northern Africa,21,6.647999763,1.626343369,1.266410232,0.726798236,0.60834527,0.360941947,0.324489564,WesternAsia,83600,9400,112.4,262.4,13.9,2.4,2,88.4,370296,3.8,40438.8,0.7,44.9,54.4,195613,201908,-6296,3.5,21.1,75.4,3.7,1.8,78.2,76,6.2,85.5,2.9,187.4,91.2,56,23.2,366,3.6,1.6,-,116,116.7,-,-,-,-,20,3.8,1.3
United Kingdom,Western Europe,19,6.714000225,1.44163394,1.49646008,0.805335939,0.508190036,0.492774159,0.265428066,NorthernEurope,242495,66182,273.6,97.4,17.7,23.9,0.6,13.2,2858003,2.2,44162.4,0.7,19.4,79.9,415856,635570,-219713,1.2,18.4,80.4,5,1.9,82.8,79,4.1,82.6,0.9,125.8,92,102,6.5,116,9.1,2.8,5.7,108.1,108.4,130.4,125.3,64.1,49,30,12.9,151.7
United States,North America,14,6.993000031,1.546259284,1.419920564,0.774286628,0.505740523,0.392578781,0.135638788,NorthernAmerica,9833517,324460,35.5,98,18.9,21.5,0.7,14.5,18036648,2.6,56053.8,1,19.7,79.3,1453167,2249661,-796494,1.5,17.2,81.3,4.9,1.9,81.2,76.5,6,81.6,1,117.6,74.6,1513,16.2,289,17.1,2.6,5.4,100,100.3,98.5,96.7,99.6,72.8,19.1,33.9,616.5
Uruguay,Latin America and Caribbean,28,6.453999996,1.217559695,1.412227869,0.719216824,0.579392254,0.175096929,0.178061873,SouthAmerica,173626,3457,19.8,93.5,21.1,19.5,0.3,2.1,53442,1,15573.8,6.8,28,65.2,6964,8137,-1173,8.7,20.5,70.8,8.8,2,80.4,73.2,12.7,95.3,0.5,160.2,64.6,106,2,58,8.6,-,4.4,107.3,109.8,100,90.3,-,-,20.2,10.4,0.5
Uzbekistan,Central and Eastern Europe,47,5.971000195,0.786441088,1.54896915,0.498272628,0.658248663,0.415983647,0.246528223,CentralAsia,448969,31911,75,99.4,28,7.6,1.6,3.9,69004,6.8,2308.3,19.2,32.9,47.9,27947,25652,2295,29,23.9,47.1,8.9,2.4,73.5,68.1,31.3,36.4,1.4,73.3,42.8,59,3.6,62,5.8,2.5,-,103.2,105.6,95.1,96.8,7.1,11,16,7.6,86.7
Venezuela,Latin America and Caribbean,82,5.25,1.128431201,1.431337595,0.617144227,0.153997123,0.06501963,0.064491123,SouthAmerica,912050,31977,36.3,99,27.6,9.9,1.4,4.5,344331,-6.2,11068.9,5.3,44.7,50,19731,16324,3407,11.9,26.8,61.3,6.6,2.4,78.2,69.9,13.8,89,1.5,93,61.9,328,6.1,90,5.3,-,-,98.6,101.3,93,86.5,-,-,22.2,53.1,174.2
Vietnam,Southeastern Asia,94,5.073999882,0.788547575,1.277491331,0.652168989,0.571055591,0.234968051,0.087633237,South-easternAsia,330967,95541,308.1,98,23.1,11.1,1.1,0.1,193241,6.7,2067.9,18.9,37,44.2,176632,174111,2520,41.8,22.9,35.2,2.2,2,80.3,70.7,19.3,33.6,3,130.6,52.7,616,1.8,30,7.1,1.2,5.7,108.4,109.3,-,-,28.9,28.8,26.7,47.2,11
Yemen,Middle East and Northern Africa,146,3.592999935,0.591683447,0.935382247,0.310080916,0.249463722,0.104125209,0.056767423,WesternAsia,527968,28250,53.5,102.1,39.9,4.6,2.6,1.3,29688,-28.1,1106.4,14.7,36.9,48.4,570,6861,-6291,32.9,17.9,49.2,16.1,4.4,65.6,62.8,47.2,34.6,4,68,25.1,298,0.9,12,5.6,0.3,-,88.9,105.7,39.5,57.4,6.1,13.7,0,1,3371.4
Zambia,Sub-Saharan Africa,116,4.513999939,0.636406779,1.003187299,0.257835895,0.461603492,0.249580145,0.07821355,EasternAfrica,752612,17094,23,98.5,44.8,3.7,3,0.8,21255,2.9,1311.1,8.2,32.3,59.5,6505,7442,-937,54.8,9.9,35.3,7.4,5.2,61.9,57.5,53.8,40.9,4.3,74.5,21,88,0.3,26,5,0.2,-,104,103.3,-,-,3.4,4.5,18,65.6,55.3
Zimbabwe,Sub-Saharan Africa,138,3.875,0.375846535,1.083095908,0.196763754,0.336384207,0.189143494,0.095375381,EasternAfrica,390757,16530,42.7,95,41.2,4.2,2.3,2.6,13893,1.1,890.4,13,30.5,56.5,2832,5212,-2379,67.5,7.3,25.2,5,4,59,56.1,46.5,32.4,2.3,84.8,16.4,89,0.8,30,6,0.1,8.4,99.1,100.8,47.1,48.1,8,8.9,32.6,37.2,308.6
Zimbabwe2,Sub-Saharan Africa,-138,-3.875,-0.375846535,-1.083095908,-0.196763754,-0.336384207,-0.189143494,-0.095375381,EasternAfrica,-390757,-16530,-42.7,-95,-41.2,-4.2,-2.3,-2.6,-13893,-1.1,-890.4,-13,-30.5,-56.5,-2832,-5212,-2379,-67.5,-7.3,-25.2,-5,-4,-59,-56.1,-46.5,-32.4,-2.3,-84.8,-16.4,-89,-0.8,-30,-6,-0.1,-8.4,-99.1,-100.8,-47.1,-48.1,-8,-8.9,-32.6,-37.2,-
